sku,title,product
ad457-BI-2p-US-32S,BEIGE 2-BUTTON TR (32S Slim),BEIGE 2-BUTTON
ad457-BI-2p-US-34S,BEIGE 2-BUTTON TR (34S Slim),BEIGE 2-BUTTON
ad457-BI-2p-US-36S,BEIGE 2-BUTTON TR (36S Slim),BEIGE 2-BUTTON
ad457-BI-2p-US-38S,BEIGE 2-BUTTON TR (38S Slim),BEIGE 2-BUTTON
ad457-BI-2p-US-40S,BEIGE 2-BUTTON TR (40S Slim),BEIGE 2-BUTTON
ad457-BI-2p-40S,BEIGE 2-BUTTON TR (40S),BEIGE 2-BUTTON
ad457-BI-2p-US-42S,BEIGE 2-BUTTON TR (42S Slim),BEIGE 2-BUTTON
ad457-BI-2p-42S,BEIGE 2-BUTTON TR (42S),BEIGE 2-BUTTON
ad457-BI-2p-US-44S,BEIGE 2-BUTTON TR (44S Slim),BEIGE 2-BUTTON
ad457-BI-2p-44S,BEIGE 2-BUTTON TR (44S),BEIGE 2-BUTTON
ad457-BI-2p-US-46S,BEIGE 2-BUTTON TR (46S Slim),BEIGE 2-BUTTON
ad457-BI-2p-46S,BEIGE 2-BUTTON TR (46S),BEIGE 2-BUTTON
ad457-BI-2p-US-48S,BEIGE 2-BUTTON TR (48S Slim),BEIGE 2-BUTTON
ad457-BI-2p-48S,BEIGE 2-BUTTON TR (48S),BEIGE 2-BUTTON
ad457-BI-2p-US-50S,BEIGE 2-BUTTON TR (50S Slim),BEIGE 2-BUTTON
ad457-BI-2p-50S,BEIGE 2-BUTTON TR (50S),BEIGE 2-BUTTON
ad457-BI-2p-US-36R,BEIGE 2-BUTTON TR (36R Slim),BEIGE 2-BUTTON
ad457-BI-2p-US-38R,BEIGE 2-BUTTON TR (38R Slim),BEIGE 2-BUTTON
ad457-BI-2p-38R,BEIGE 2-BUTTON TR (38R),BEIGE 2-BUTTON
ad457-BI-2p-US-40R,BEIGE 2-BUTTON TR (40R Slim),BEIGE 2-BUTTON
ad457-BI-2p-40R,BEIGE 2-BUTTON TR (40R),BEIGE 2-BUTTON
ad457-BI-2p-US-42R,BEIGE 2-BUTTON TR (42R Slim),BEIGE 2-BUTTON
ad457-BI-2p-42R,BEIGE 2-BUTTON TR (42R),BEIGE 2-BUTTON
ad457-BI-2p-US-44R,BEIGE 2-BUTTON TR (44R Slim),BEIGE 2-BUTTON
ad457-BI-2p-44R,BEIGE 2-BUTTON TR (44R),BEIGE 2-BUTTON
ad457-BI-2p-US-46R,BEIGE 2-BUTTON TR (46R Slim),BEIGE 2-BUTTON
ad457-BI-2p-46R,BEIGE 2-BUTTON TR (46R),BEIGE 2-BUTTON
ad457-BI-2p-US-48R,BEIGE 2-BUTTON TR (48R Slim),BEIGE 2-BUTTON
ad457-BI-2p-48R,BEIGE 2-BUTTON TR (48R),BEIGE 2-BUTTON
ad457-BI-2p-US-50R,BEIGE 2-BUTTON TR (50R Slim),BEIGE 2-BUTTON
ad457-BI-2p-50R,BEIGE 2-BUTTON TR (50R),BEIGE 2-BUTTON
ad457-BI-2p-52R,BEIGE 2-BUTTON TR (52R),BEIGE 2-BUTTON
ad457-BI-2p-54R,BEIGE 2-BUTTON TR (54R),BEIGE 2-BUTTON
ad457-BI-2p-56R,BEIGE 2-BUTTON TR (56R),BEIGE 2-BUTTON
ad457-BI-2p-58R,BEIGE 2-BUTTON TR (58R),BEIGE 2-BUTTON
ad457-BI-2p-60R,BEIGE 2-BUTTON TR (60R),BEIGE 2-BUTTON
ad457-BI-2p-62R,BEIGE 2-BUTTON TR (62R),BEIGE 2-BUTTON
ad457-BI-2p-64R,BEIGE 2-BUTTON TR (64R),BEIGE 2-BUTTON
ad457-BI-2p-US-38L,BEIGE 2-BUTTON TR (38L Slim),BEIGE 2-BUTTON
ad457-BI-2p-38L,BEIGE 2-BUTTON TR (38L),BEIGE 2-BUTTON
ad457-BI-2p-US-40L,BEIGE 2-BUTTON TR (40L Slim),BEIGE 2-BUTTON
ad457-BI-2p-40L,BEIGE 2-BUTTON TR (40L),BEIGE 2-BUTTON
ad457-BI-2p-US-42L,BEIGE 2-BUTTON TR (42L Slim),BEIGE 2-BUTTON
ad457-BI-2p-42L,BEIGE 2-BUTTON TR (42L),BEIGE 2-BUTTON
ad457-BI-2p-US-44L,BEIGE 2-BUTTON TR (44L Slim),BEIGE 2-BUTTON
ad457-BI-2p-44L,BEIGE 2-BUTTON TR (44L),BEIGE 2-BUTTON
ad457-BI-2p-US-46L,BEIGE 2-BUTTON TR (46L Slim),BEIGE 2-BUTTON
ad457-BI-2p-46L,BEIGE 2-BUTTON TR (46L),BEIGE 2-BUTTON
ad457-BI-2p-48L,BEIGE 2-BUTTON TR (48L),BEIGE 2-BUTTON
ad457-BI-2p-50L,BEIGE 2-BUTTON TR (50L),BEIGE 2-BUTTON
ad457-BI-2p-52L,BEIGE 2-BUTTON TR (52L),BEIGE 2-BUTTON
ad457-BI-2p-54L,BEIGE 2-BUTTON TR (54L),BEIGE 2-BUTTON
ad457-CG3-3B-US-32S,DARK GREY 3-BUTTON TR (32S Slim),DARK GREY 3-BUTTON
ad457-CG3-3B-US-34S,DARK GREY 3-BUTTON TR (34S Slim),DARK GREY 3-BUTTON
ad457-CG3-3B-US-36S,DARK GREY 3-BUTTON TR (36S Slim),DARK GREY 3-BUTTON
ad457-CG3-3B-US-38S,DARK GREY 3-BUTTON TR (38S Slim),DARK GREY 3-BUTTON
ad457-CG3-3B-US-40S,DARK GREY 3-BUTTON TR (40S Slim),DARK GREY 3-BUTTON
ad457-CG3-3B-40S,DARK GREY 3-BUTTON TR (40S),DARK GREY 3-BUTTON
ad457-CG3-3B-US-42S,DARK GREY 3-BUTTON TR (42S Slim),DARK GREY 3-BUTTON
ad457-CG3-3B-42S,DARK GREY 3-BUTTON TR (42S),DARK GREY 3-BUTTON
ad457-CG3-3B-US-44S,DARK GREY 3-BUTTON TR (44S Slim),DARK GREY 3-BUTTON
ad457-CG3-3B-44S,DARK GREY 3-BUTTON TR (44S),DARK GREY 3-BUTTON
ad457-CG3-3B-US-46S,DARK GREY 3-BUTTON TR (46S Slim),DARK GREY 3-BUTTON
ad457-CG3-3B-46S,DARK GREY 3-BUTTON TR (46S),DARK GREY 3-BUTTON
ad457-CG3-3B-US-48S,DARK GREY 3-BUTTON TR (48S Slim),DARK GREY 3-BUTTON
ad457-CG3-3B-48S,DARK GREY 3-BUTTON TR (48S),DARK GREY 3-BUTTON
ad457-CG3-3B-US-50S,DARK GREY 3-BUTTON TR (50S Slim),DARK GREY 3-BUTTON
ad457-CG3-3B-50S,DARK GREY 3-BUTTON TR (50S),DARK GREY 3-BUTTON
ad457-CG3-3B-US-36R,DARK GREY 3-BUTTON TR (36R Slim),DARK GREY 3-BUTTON
ad457-CG3-3B-US-38R,DARK GREY 3-BUTTON TR (38R Slim),DARK GREY 3-BUTTON
ad457-CG3-3B-38R,DARK GREY 3-BUTTON TR (38R),DARK GREY 3-BUTTON
ad457-CG3-3B-US-40R,DARK GREY 3-BUTTON TR (40R Slim),DARK GREY 3-BUTTON
ad457-CG3-3B-40R,DARK GREY 3-BUTTON TR (40R),DARK GREY 3-BUTTON
ad457-CG3-3B-US-42R,DARK GREY 3-BUTTON TR (42R Slim),DARK GREY 3-BUTTON
ad457-CG3-3B-42R,DARK GREY 3-BUTTON TR (42R),DARK GREY 3-BUTTON
ad457-CG3-3B-US-44R,DARK GREY 3-BUTTON TR (44R Slim),DARK GREY 3-BUTTON
ad457-CG3-3B-44R,DARK GREY 3-BUTTON TR (44R),DARK GREY 3-BUTTON
ad457-CG3-3B-US-46R,DARK GREY 3-BUTTON TR (46R Slim),DARK GREY 3-BUTTON
ad457-CG3-3B-46R,DARK GREY 3-BUTTON TR (46R),DARK GREY 3-BUTTON
ad457-CG3-3B-US-48R,DARK GREY 3-BUTTON TR (48R Slim),DARK GREY 3-BUTTON
ad457-CG3-3B-48R,DARK GREY 3-BUTTON TR (48R),DARK GREY 3-BUTTON
ad457-CG3-3B-US-50R,DARK GREY 3-BUTTON TR (50R Slim),DARK GREY 3-BUTTON
ad457-CG3-3B-50R,DARK GREY 3-BUTTON TR (50R),DARK GREY 3-BUTTON
ad457-CG3-3B-52R,DARK GREY 3-BUTTON TR (52R),DARK GREY 3-BUTTON
ad457-CG3-3B-54R,DARK GREY 3-BUTTON TR (54R),DARK GREY 3-BUTTON
ad457-CG3-3B-56R,DARK GREY 3-BUTTON TR (56R),DARK GREY 3-BUTTON
ad457-CG3-3B-58R,DARK GREY 3-BUTTON TR (58R),DARK GREY 3-BUTTON
ad457-CG3-3B-60R,DARK GREY 3-BUTTON TR (60R),DARK GREY 3-BUTTON
ad457-CG3-3B-62R,DARK GREY 3-BUTTON TR (62R),DARK GREY 3-BUTTON
ad457-CG3-3B-64R,DARK GREY 3-BUTTON TR (64R),DARK GREY 3-BUTTON
ad457-CG3-3B-US-38L,DARK GREY 3-BUTTON TR (38L Slim),DARK GREY 3-BUTTON
ad457-CG3-3B-38L,DARK GREY 3-BUTTON TR (38L),DARK GREY 3-BUTTON
ad457-CG3-3B-US-40L,DARK GREY 3-BUTTON TR (40L Slim),DARK GREY 3-BUTTON
ad457-CG3-3B-40L,DARK GREY 3-BUTTON TR (40L),DARK GREY 3-BUTTON
ad457-CG3-3B-US-42L,DARK GREY 3-BUTTON TR (42L Slim),DARK GREY 3-BUTTON
ad457-CG3-3B-42L,DARK GREY 3-BUTTON TR (42L),DARK GREY 3-BUTTON
ad457-CG3-3B-US-44L,DARK GREY 3-BUTTON TR (44L Slim),DARK GREY 3-BUTTON
ad457-CG3-3B-44L,DARK GREY 3-BUTTON TR (44L),DARK GREY 3-BUTTON
ad457-CG3-3B-US-46L,DARK GREY 3-BUTTON TR (46L Slim),DARK GREY 3-BUTTON
ad457-CG3-3B-46L,DARK GREY 3-BUTTON TR (46L),DARK GREY 3-BUTTON
ad457-CG3-3B-48L,DARK GREY 3-BUTTON TR (48L),DARK GREY 3-BUTTON
ad457-CG3-3B-50L,DARK GREY 3-BUTTON TR (50L),DARK GREY 3-BUTTON
ad457-CG3-3B-52L,DARK GREY 3-BUTTON TR (52L),DARK GREY 3-BUTTON
ad457-CG3-3B-54L,DARK GREY 3-BUTTON TR (54L),DARK GREY 3-BUTTON
ad457-NA-3p-US-32S,NAVY BLUE 3-PIECE TR (32S Slim),NAVY BLUE 3-PIECE
ad457-NA-3p-US-34S,NAVY BLUE 3-PIECE TR (34S Slim),NAVY BLUE 3-PIECE
ad457-NA-3p-US-36S,NAVY BLUE 3-PIECE TR (36S Slim),NAVY BLUE 3-PIECE
ad457-NA-3p-US-38S,NAVY BLUE 3-PIECE TR (38S Slim),NAVY BLUE 3-PIECE
ad457-NA-3p-US-40S,NAVY BLUE 3-PIECE TR (40S Slim),NAVY BLUE 3-PIECE
ad457-NA-3p-40S,NAVY BLUE 3-PIECE TR (40S),NAVY BLUE 3-PIECE
ad457-NA-3p-US-42S,NAVY BLUE 3-PIECE TR (42S Slim),NAVY BLUE 3-PIECE
ad457-NA-3p-42S,NAVY BLUE 3-PIECE TR (42S),NAVY BLUE 3-PIECE
ad457-NA-3p-US-44S,NAVY BLUE 3-PIECE TR (44S Slim),NAVY BLUE 3-PIECE
ad457-NA-3p-44S,NAVY BLUE 3-PIECE TR (44S),NAVY BLUE 3-PIECE
ad457-NA-3p-US-46S,NAVY BLUE 3-PIECE TR (46S Slim),NAVY BLUE 3-PIECE
ad457-NA-3p-46S,NAVY BLUE 3-PIECE TR (46S),NAVY BLUE 3-PIECE
ad457-NA-3p-US-48S,NAVY BLUE 3-PIECE TR (48S Slim),NAVY BLUE 3-PIECE
ad457-NA-3p-48S,NAVY BLUE 3-PIECE TR (48S),NAVY BLUE 3-PIECE
ad457-NA-3p-US-50S,NAVY BLUE 3-PIECE TR (50S Slim),NAVY BLUE 3-PIECE
ad457-NA-3p-50S,NAVY BLUE 3-PIECE TR (50S),NAVY BLUE 3-PIECE
ad457-NA-3p-US-36R,NAVY BLUE 3-PIECE TR (36R Slim),NAVY BLUE 3-PIECE
ad457-NA-3p-US-38R,NAVY BLUE 3-PIECE TR (38R Slim),NAVY BLUE 3-PIECE
ad457-NA-3p-38R,NAVY BLUE 3-PIECE TR (38R),NAVY BLUE 3-PIECE
ad457-NA-3p-US-40R,NAVY BLUE 3-PIECE TR (40R Slim),NAVY BLUE 3-PIECE
ad457-NA-3p-40R,NAVY BLUE 3-PIECE TR (40R),NAVY BLUE 3-PIECE
ad457-NA-3p-US-42R,NAVY BLUE 3-PIECE TR (42R Slim),NAVY BLUE 3-PIECE
ad457-NA-3p-42R,NAVY BLUE 3-PIECE TR (42R),NAVY BLUE 3-PIECE
ad457-NA-3p-US-44R,NAVY BLUE 3-PIECE TR (44R Slim),NAVY BLUE 3-PIECE
ad457-NA-3p-44R,NAVY BLUE 3-PIECE TR (44R),NAVY BLUE 3-PIECE
ad457-NA-3p-US-46R,NAVY BLUE 3-PIECE TR (46R Slim),NAVY BLUE 3-PIECE
ad457-NA-3p-46R,NAVY BLUE 3-PIECE TR (46R),NAVY BLUE 3-PIECE
ad457-NA-3p-US-48R,NAVY BLUE 3-PIECE TR (48R Slim),NAVY BLUE 3-PIECE
ad457-NA-3p-48R,NAVY BLUE 3-PIECE TR (48R),NAVY BLUE 3-PIECE
ad457-NA-3p-US-50R,NAVY BLUE 3-PIECE TR (50R Slim),NAVY BLUE 3-PIECE
ad457-NA-3p-50R,NAVY BLUE 3-PIECE TR (50R),NAVY BLUE 3-PIECE
ad457-NA-3p-52R,NAVY BLUE 3-PIECE TR (52R),NAVY BLUE 3-PIECE
ad457-NA-3p-54R,NAVY BLUE 3-PIECE TR (54R),NAVY BLUE 3-PIECE
ad457-NA-3p-56R,NAVY BLUE 3-PIECE TR (56R),NAVY BLUE 3-PIECE
ad457-NA-3p-58R,NAVY BLUE 3-PIECE TR (58R),NAVY BLUE 3-PIECE
ad457-NA-3p-60R,NAVY BLUE 3-PIECE TR (60R),NAVY BLUE 3-PIECE
ad457-NA-3p-62R,NAVY BLUE 3-PIECE TR (62R),NAVY BLUE 3-PIECE
ad457-NA-3p-64R,NAVY BLUE 3-PIECE TR (64R),NAVY BLUE 3-PIECE
ad457-NA-3p-US-38L,NAVY BLUE 3-PIECE TR (38L Slim),NAVY BLUE 3-PIECE
ad457-NA-3p-38L,NAVY BLUE 3-PIECE TR (38L),NAVY BLUE 3-PIECE
ad457-NA-3p-US-40L,NAVY BLUE 3-PIECE TR (40L Slim),NAVY BLUE 3-PIECE
ad457-NA-3p-40L,NAVY BLUE 3-PIECE TR (40L),NAVY BLUE 3-PIECE
ad457-NA-3p-US-42L,NAVY BLUE 3-PIECE TR (42L Slim),NAVY BLUE 3-PIECE
ad457-NA-3p-42L,NAVY BLUE 3-PIECE TR (42L),NAVY BLUE 3-PIECE
ad457-NA-3p-US-44L,NAVY BLUE 3-PIECE TR (44L Slim),NAVY BLUE 3-PIECE
ad457-NA-3p-44L,NAVY BLUE 3-PIECE TR (44L),NAVY BLUE 3-PIECE
ad457-NA-3p-US-46L,NAVY BLUE 3-PIECE TR (46L Slim),NAVY BLUE 3-PIECE
ad457-NA-3p-46L,NAVY BLUE 3-PIECE TR (46L),NAVY BLUE 3-PIECE
ad457-NA-3p-48L,NAVY BLUE 3-PIECE TR (48L),NAVY BLUE 3-PIECE
ad457-NA-3p-50L,NAVY BLUE 3-PIECE TR (50L),NAVY BLUE 3-PIECE
ad457-NA-3p-52L,NAVY BLUE 3-PIECE TR (52L),NAVY BLUE 3-PIECE
ad457-NA-3p-54L,NAVY BLUE 3-PIECE TR (54L),NAVY BLUE 3-PIECE